{
  "schemaVersion": 1,
  "id": "hwm",
  "version": "${version}",

  "name": "Vee's Magical Fruits",
  "description": "Epic Fruit Moment.",
  "authors": [
    "VerociousVee"
  ],
  "contact": {
    "homepage": "bit.ly/longpeepee",
    "sources": "https://github.com/verociousvee/Vees-Magical-Fruits"
  },

  "license": "CC0-1.0",
  "icon": "assets/modid/icon.png",

  "environment": "*",
  "entrypoints": {
    "main": [
      "io.github.verociousvee.helloworld.HelloWorld"
    ]
  },
  "mixins": [

  ],

  "depends": {
    "fabricloader": ">=0.7.4",
    "fabric": "*",
    "minecraft": "1.16.x"
  },
  "suggests": {
    "another-mod": "*"
  }
}
